id;name;surname;email;tlf;is_internal;mat_number;cuit;address_direction;address_number;floor;departament;degree;especializacion;celular;comentario;is_disabled
1;calculate Investment Account;Soft Investment Account port;Francesco71@yahoo.com;Tuna Granite;false;Wooden withdrawal;Handmade silver;Small maximized bandwidth-monitored;Underpass;alarm Money Market Account backing up;Berkshire Isle;cross-platform;Unbranded Granite Bacon;synergy internet solution;Granite;true
2;Connecticut Berkshire Wooden;Music pink;Vesta_Dibbert53@hotmail.com;frictionless Factors;true;Concrete Soap;Marketing interface;Sausages;Designer payment;lavender infrastructures;Movies;payment Infrastructure;Ergonomic Steel Bike;calculating initiatives bluetooth;Bike Digitized e-business;true
3;microchip;white;Nya.Bauch@hotmail.com;quantify Kids;true;Unbranded Plastic Computer;24/7;reinvent Baby;Tuna;Chad upward-trending Personal Loan Account;sensor;Practical Wooden Towels;monetize Pataca;Proactive Group;Cheese;false
4;incentivize;North Carolina Burundi Franc;Alfonzo57@gmail.com;Division;false;Metal SMS Configuration;Grass-roots Internal Movies;adapter systems International;deposit back up Books;Lead;Finland;models;Incredible Cotton Chicken virtual Glen;Salad;Poland Principal eyeballs;false
5;blue Assimilated Fantastic;moderator Expanded;Zander_Upton71@gmail.com;Soft Global TCP;true;hacking;virtual;Ball;Keys Fantastic;synthesize web services;Assistant invoice Awesome Concrete Chair;framework;back-end;transmit;Coordinator HTTP Bedfordshire;true
6;open-source open-source;deposit Rustic;Kristopher.Cruickshank@hotmail.com;Borders instruction set;false;applications;attitude Program;Auto Loan Account Montana Accounts;feed;cross-platform Mouse PNG;Refined;radical purple;Principal Garden Rapids;lavender generate Concrete;deliver Secured vertical;true
7;Gorgeous Steel Bacon;Division;Freddie_Hegmann@yahoo.com;parallelism Direct;false;Borders fuchsia;Gorgeous Frozen Shoes Movies;Table;national Cotton;Infrastructure Fantastic Granite Computer Generic;payment generating;Lead mobile;Implemented Assurance;Sleek;hacking;true
8;payment Mill technologies;Berkshire synthesizing knowledge user;Velma1@hotmail.com;hard drive reintermediate Mayotte;true;streamline;holistic;Intelligent Fresh Chips;Soap quantifying;Organized;transition Applications;back-end web services;cyan synthesize;extensible;parsing Checking Account Product;true
9;Auto Loan Account;transition Principal redefine;Abelardo.Rice@yahoo.com;incubate;true;generating initiatives systems;deposit synergies;Forward;Tactics Tajikistan optical;index Quality;Plastic reciprocal Directives;Architect magnetic;Mews Gourde US Dollar;Lead;Rubber functionalities;true
10;Kenyan Shilling;PCI withdrawal Shirt;Lia65@yahoo.com;withdrawal;false;cohesive;6th generation bluetooth;payment digital Grass-roots;Parks Minnesota Nevada;Chicken Data;transform solution Extended;Avon;Forge;Serbian Dinar Wyoming;Home Loan Account;true
