id;start_date;end_date;status;comments;unique_code;responsible
1;2020-01-25;2020-01-24;PENDIENTE;../fake-data/blob/hipster.txt;Small;FTP Savings Account
2;2020-01-24;2020-01-25;SIN_FECHA;../fake-data/blob/hipster.txt;Electronics;Soap methodology Albania
3;2020-01-25;2020-01-25;PENDIENTE;../fake-data/blob/hipster.txt;Gorgeous Frozen Pants;Common
4;2020-01-24;2020-01-25;SIN_FECHA;../fake-data/blob/hipster.txt;Canyon HDD;Table Small Frozen Sausages Planner
5;2020-01-24;2020-01-25;A_VENCER;../fake-data/blob/hipster.txt;Monitored Bahamian Dollar Investment Account;Games Regional Digitized
6;2020-01-25;2020-01-24;A_VENCER;../fake-data/blob/hipster.txt;Georgia Industrial;connect Markets Chief
7;2020-01-25;2020-01-24;SIN_FECHA;../fake-data/blob/hipster.txt;navigating;interactive generating compelling
8;2020-01-25;2020-01-25;VENCIDO;../fake-data/blob/hipster.txt;Industrial;index orange
9;2020-01-25;2020-01-25;VIGENTE;../fake-data/blob/hipster.txt;Identity;Frozen IB
10;2020-01-25;2020-01-25;PENDIENTE;../fake-data/blob/hipster.txt;Lempira;pixel withdrawal
