id;name;surname;email;tlf;is_internal;mat_number;cuit;address_direction;address_number;floor;departament;degree;especializacion;celular;comentario;created_at;updated_at;is_disabled
1;calculate Investment Account;Soft Investment Account port;Francesco71@yahoo.com;Tuna Granite;false;Wooden withdrawal;Handmade silver;Small maximized bandwidth-monitored;Underpass;alarm Money Market Account backing up;Berkshire Isle;cross-platform;Unbranded Granite Bacon;synergy internet solution;Granite;2019-12-27T20:34:38;2019-12-27T17:09:00;true
2;Berkshire;Plastic;Bill_Doyle@gmail.com;lime payment portals;false;Accounts deposit Decentralized;Uzbekistan Fish;Devolved Identity;Norfolk Island Kiribati lavender;Plastic Movies;payment Infrastructure;Ergonomic Steel Bike;calculating initiatives bluetooth;Bike Digitized e-business;Shoes purple white;2019-12-27T20:50:42;2019-12-27T21:30:56;false
3;Mandatory quantify;Home Loan Account;Amy8@gmail.com;24/7;true;Chair deposit;Personal Loan Account;Ball Investor;Soft Crest Practical Wooden Towels;monetize Pataca;Proactive Group;Cheese;Integrated multi-state;payment Gorgeous;deposit;2019-12-28T02:09:29;2019-12-28T10:26:08;true
4;Unbranded Metal;UIC-Franc SMTP Grass-roots;Rodrick89@hotmail.com;Grocery;true;feed deposit back up;Music;Games Finland Table;bypassing killer Turkish Lira;Glen;Salad;Poland Principal eyeballs;overriding;Assimilated;engage;2019-12-28T07:59:20;2019-12-28T00:19:46;false
5;Tasty Fresh Chips;transmitter Soft Global;Abagail81@hotmail.com;Licensed;false;Ball;Keys Fantastic;synthesize web services;Assistant invoice Awesome Concrete Chair;framework;back-end;transmit;Coordinator HTTP Bedfordshire;schemas Self-enabling Object-based;Movies Frozen;2019-12-28T01:54:38;2019-12-28T11:59:38;true
6;supply-chains;instruction set orange;Rosanna11@yahoo.com;Refined Rubber Pizza Montana Accounts;false;Manat cross-platform Mouse;hack Refined incentivize;purple JSON Solutions;Rapids override;generate Concrete interface;Secured vertical;Car Automated primary;Knolls virtual iterate;parallelism Direct;Montana deposit;2019-12-27T19:26:06;2019-12-28T05:10:09;false
7;Architect;Intelligent Wooden Table;Dillan38@yahoo.com;Infrastructure Fantastic Granite Computer Generic;true;Uganda Shilling Investment Account;Jewelery Branding Implemented;protocol Sleek service-desk;Quality;Kip Berkshire;online Summit;knowledge user Representative overriding;International;reintermediate Mayotte;Implemented Gorgeous Plastic Chips green;2019-12-28T11:05:28;2019-12-27T18:36:04;true
8;Soap quantifying;Organized;Gordon.Thompson47@yahoo.com;Cotton Coordinator cyan;false;executive Personal Loan Account;Intranet Outdoors local area network;Auto Loan Account;transition Principal redefine;Shoes Investment Account;incubate;Forward Investment Account Table;payment violet;Automotive;XSS interface SAS;2019-12-27T19:18:55;2019-12-28T07:08:05;true
9;Quality RAM;reciprocal;Cassidy.Hayes33@hotmail.com;Mississippi Buckinghamshire;false;Lead;Rubber functionalities;neutral generate PCI;challenge seize;Forks withdrawal;partnerships black;morph;bluetooth;payment digital Grass-roots;Parks Minnesota Nevada;2019-12-28T07:38:00;2019-12-28T11:55:07;true
10;solid state transform solution;dynamic;Candace.Baumbach@yahoo.com;Serbian Dinar Wyoming;false;Wyoming Interactions;Gibraltar Pound tertiary;Outdoors Forge;virtual Functionality;Kiribati Ergonomic;Pike;Sleek Plastic Bike invoice;bricks-and-clicks;olive productize Dynamic;SMTP;2019-12-28T01:27:32;2019-12-28T08:25:14;false
